Para-9,Para-10,Para-11,Para-12,Para-13
579.1,5.0,10.0,10.0,1.563
598.8369750976562,6.104000091552734,6.71999979019165,9.770000457763672,1.4550000429153442
19.737,1.104,3.28,0.23,0.108
